<?xml version="1.0" encoding="UTF-8"?>
<!DOCTYPE suite SYSTEM "https://testng.org/testng-1.0.dtd">
<suite name="Suite">
  <test thread-count="5" name="Testsuiteee">
    <classes>
      <class name="V3testcases.tc034"/>
      <class name="V3testcases.tc035"/>
      <class name="V3testcases.tc002"/>
      <class name="V3testcases.tc032"/>
      <class name="V3testcases.tc033"/>
      <class name="V3testcases.tc011"/>
      <class name="V3testcases.tc005"/>
      <class name="V3testcases.tc028"/>
      <class name="V3testcases.tc006"/>
      <class name="V3testcases.tc026"/>
      <class name="V3testcases.Tc00"/>
      <class name="V3testcases.tc030"/>
      <class name="V3testcases.tc031"/>
      <class name="V3testcases.TC001"/>
      <class name="V3testcases.TC004"/>
      <class name="V3testcases.TC003"/>
      <class name="V3testcases.tc029"/>
      <class name="V3testcases.tc007"/>
      <class name="V3testcases.tc008"/>
    </classes>
  </test> <!-- Testsuiteee -->
</suite> <!-- Suite -->
